[
  {
    "resource": "bryce-cloud-auth",
    "resourceMode": 0,
    "grade": 1,
    "count": 2000,
    "intervalSec": 1,
    "controlBehavior": 0,
    "burst": 0,
    "maxQueueingTimeoutMs": 500
  },
  {
    "resource": "bryce-cloud-monitor",
    "resourceMode": 0,
    "grade": 1,
    "count": 2000,
    "intervalSec": 1,
    "controlBehavior": 0,
    "burst": 0,
    "maxQueueingTimeoutMs": 500
  },
  {
    "resource": "bryce-cloud-sms",
    "resourceMode": 0,
    "grade": 1,
    "count": 2000,
    "intervalSec": 1,
    "controlBehavior": 0,
    "burst": 0,
    "maxQueueingTimeoutMs": 500
  },
  {
    "resource": "bryce-cloud-storage",
    "resourceMode": 0,
    "grade": 1,
    "count": 2000,
    "intervalSec": 1,
    "controlBehavior": 0,
    "burst": 0,
    "maxQueueingTimeoutMs": 500
  },
  {
    "resource": "bryce-cloud-system",
    "resourceMode": 0,
    "grade": 1,
    "count": 2000,
    "intervalSec": 1,
    "controlBehavior": 0,
    "burst": 0,
    "maxQueueingTimeoutMs": 500
  }
]